{
  "sounds": {
    "suspense.nether": 0.49815496802330017,
    "unknown.suspense": 0.49815496802330017,
    "dark.suspense": 0.49815496802330017,
    "deep.cave": 0.5018450021743774,
    "wind.wind": 0.49815496802330017,
    "underwater.underwater": 0.49815496802330017,
    "underwater.underwater-deep": 0.5018450021743774,
    "rain.rain": 0.49815496802330017,
    "storm.close.storm-close": 0.49815496802330017,
    "storm.close.wind": 0.5018450021743774,
    "storm.away.storm-away": 0.49815496802330017,
    "storm.away.howling-wind": 0.49815496802330017,
    "underworld.underworld": 0.49815496802330017,
    "cave.ambience.cave": 0.5018450021743774,
    "cave.ambience.cave-water": 0.49815496802330017,
    "cave.ambience.cave-deep": 0.49815496802330017,
    "cave.ambience.cave-large": 0.5018450021743774,
    "cave.lush.cave-lush": 0.49815496802330017,
    "cave.lush.frog": 0.49815496802330017,
    "sky.light-wind": 0.49815496802330017,
    "forest.bird-ambience": 0.49815496802330017,
    "forest.owl": 0.49815496802330017,
    "forest.cold.crow": 0.5018450021743774,
    "taiga.bird-ambience-huge": 0.49815496802330017,
    "highland.heavy-wind": 0.49815496802330017,
    "highland.wind-in-leaves": 0.5018450021743774,
    "mesa.wind-mesa": 0.49815496802330017,
    "forest.roofed.bird-ambience-spooky": 0.49815496802330017,
    "grass.cricket": 0.49815496802330017,
    "grass.cricket-night": 0.49815496802330017,
    "grass.cicadas-night": 0.49815496802330017,
    "plains.cricket": 0.49815496802330017,
    "plains.cricket-night": 0.5018450021743774,
    "plains.cicadas-night": 0.49815496802330017,
    "savanna.cricket": 0.49815496802330017,
    "savanna.cicadas": 0.49815496802330017,
    "savanna.cicadas-desert": 0.5018450021743774,
    "savanna.cricket-warm-night": 0.5018450021743774,
    "savanna.wolf": 0.49815496802330017,
    "savanna.bird-warm": 0.49815496802330017,
    "desert.cicadas-desert": 0.5018450021743774,
    "desert.light-wind": 0.5018450021743774,
    "swamp.cricket-swamp": 0.49815496802330017,
    "swamp.cricket-warm-night": 0.5018450021743774,
    "swamp.frog": 0.5018450021743774,
    "jungle.cricket-jungle": 0.49815496802330017,
    "jungle.cricket-jungle-night": 0.49815496802330017,
    "jungle.bird-ambience-jungle": 0.49815496802330017,
    "jungle.bird-ambience-jungle-night": 0.5018450021743774,
    "cold.light-wind": 0.5018450021743774,
    "beach.beach": 0.5018450021743774,
    "beach.seagull": 0.5018450021743774,
    "beach.seagull-long": 0.5018450021743774,
    "ocean.ocean": 0.49815496802330017,
    "ocean.light-wind": 0.49815496802330017
  },
  "dimensions": {
    "nether": 1,
    "end": 1,
    "abyssalcraft": 1,
    "void": 1,
    "twilightforest": 1,
    "betweenlands": 1,
    "cave": 1,
    "midnight": 1,
    "galacticraft": 1,
    "galacticraft.planets": 1,
    "surface": 1
  },
  "silent-dimensions": [],
  "general": {
    "engine": "default"
  }
}